{
    "Ar36": {
        "error": 0.00015678341717650527, 
        "filter_outliers_dict": {
            "filter_outliers": true, 
            "iterations": 2, 
            "std_devs": 2
        }, 
        "fit": "Parabolic", 
        "value": 0.0016934416088563121
    }, 
    "Ar37": {
        "error": 0.011372325527436307, 
        "filter_outliers_dict": {
            "filter_outliers": true, 
            "iterations": 2, 
            "std_devs": 2
        }, 
        "fit": "linear", 
        "value": -0.31468878860539895
    }, 
    "Ar38": {
        "error": 0.012681383436942644, 
        "filter_outliers_dict": {
            "filter_outliers": true, 
            "iterations": 2, 
            "std_devs": 2
        }, 
        "fit": "linear", 
        "value": -0.11112477982853308
    }, 
    "Ar39": {
        "error": 0.0211939276300997, 
        "filter_outliers_dict": {
            "filter_outliers": true, 
            "iterations": 2, 
            "std_devs": 2
        }, 
        "fit": "Parabolic", 
        "value": -0.044008876814531854
    }, 
    "Ar40": {
        "error": 0.019502239780951527, 
        "filter_outliers_dict": {
            "filter_outliers": true, 
            "iterations": 2, 
            "std_devs": 2
        }, 
        "fit": "Parabolic", 
        "value": 0.4085470615930372
    }
}