{
    "Ar36": {
        "error": 0.0001503074925967567, 
        "filter_outliers_dict": {
            "filter_outliers": true, 
            "iterations": 2, 
            "std_devs": 2
        }, 
        "fit": "Parabolic", 
        "value": 0.0013462286200653785
    }, 
    "Ar37": {
        "error": 0.011405244681023928, 
        "filter_outliers_dict": {
            "filter_outliers": true, 
            "iterations": 2, 
            "std_devs": 2
        }, 
        "fit": "linear", 
        "value": -0.5019890026543439
    }, 
    "Ar38": {
        "error": 0.013495391971300065, 
        "filter_outliers_dict": {
            "filter_outliers": true, 
            "iterations": 2, 
            "std_devs": 2
        }, 
        "fit": "linear", 
        "value": -0.1158737573327569
    }, 
    "Ar39": {
        "error": 0.02392092777126607, 
        "filter_outliers_dict": {
            "filter_outliers": true, 
            "iterations": 2, 
            "std_devs": 2
        }, 
        "fit": "Parabolic", 
        "value": -0.01648644297222429
    }, 
    "Ar40": {
        "error": 0.017374907565189397, 
        "filter_outliers_dict": {
            "filter_outliers": true, 
            "iterations": 2, 
            "std_devs": 2
        }, 
        "fit": "Parabolic", 
        "value": 0.40376370358823854
    }
}